CloseToOpen,RV
0.028648,0.00062007
-0.053348,0.00074024
-0.020834,0.00028186
-0.039738,0.00028759
0.0036536,0.00019668
0.0058039,0.0001127
0.0059372,0.00024686
-0.063499,0.0012868
0.0010451,0.0039032
0.0015907,0.00012749
-0.024052,0.00010452
0.014874,0.00026384
-0.030375,0.00066288
-0.0052679,0.00023527
0.042371,0.00076821
0.022181,0.0030146
-0.0054928,0.00033214
-0.023214,0.0018854
0.014497,0.00011735
-0.0056881,0.00021005
-0.00090079,0.00023709
0.0039788,6.85E-05
-0.011001,7.49E-05
-0.012765,0.00037135
0.024822,0.00024273
0.037576,0.00076283
-0.026004,0.00012886
-0.0022051,0.00025749
-0.0088712,5.56E-05
-0.012953,0.00057121
-0.0039539,8.21E-05
0.015675,0.00010778
0.028155,0.00019093
-0.0042626,0.00016384
0.014419,0.00018582
-0.0093063,0.00014333
-0.017146,0.00012803
-0.043536,0.00086887
0.017253,0.00044385
0.011716,0.00048034
-0.020989,0.00019017
-0.056351,0.00057585
0.015305,0.00048818
-0.011472,0.00017534
0.0028289,0.00023307
-0.010212,0.00023001
0.00096937,0.00023836
-0.023164,0.00023541
0.026268,0.00055003
0.0023657,0.00022424
-0.0055071,0.00014545
0.011987,0.00029851
0.054033,0.00037865
0.02504,0.00035712
0.0021668,0.00014653
0.026907,0.00017341
-0.020601,0.00028017
0.014391,0.00012646
-0.0086497,0.00029438
0.0034294,0.00025816
-0.011589,0.00029318
0.010782,0.00030719
0.015115,0.00027546
0.031489,0.00059945
-0.013929,0.00021299
0.0060115,0.00011597
0.020166,0.00020226
-0.010414,0.00023125
-0.00025678,0.00028502
0.00014201,0.00010481
-0.0029564,0.00012681
-0.024227,0.00016959
-0.093148,0.017294
-0.015338,0.0015289
0.027346,0.00074851
-0.016,0.0003035
-0.0059952,0.00011294
-0.0017457,0.00028814
0.026016,0.00016668
0.0039616,9.24E-05
-0.00058644,9.18E-05
-0.0026426,0.00028766
-0.0027107,0.00090135
0.0088896,0.00039724
-0.005654,0.00019091
0.0042548,0.00012717
-0.0052013,0.00028296
-0.00043525,0.00011947
-0.0097062,0.00011649
0.008063,0.00022219
-0.0066069,0.00015973
-0.008539,0.0002049
-0.0010589,0.00023271
0.0055766,9.92E-05
0.0038974,0.00010499
0.025468,0.0001351
0.021116,0.0001649
0.0071312,0.00031323
-0.027069,0.00027032
-0.00037164,0.00020878
-0.029353,0.0011333
0.0070461,0.00025876
-0.0057275,0.00021086
-0.017382,0.00026621
-0.0013301,0.0001851
-0.004006,0.00026508
0.053778,0.0012212
0.058898,0.0029302
-0.021276,0.00087109
-0.067109,0.0028983
-0.090025,0.0039892
-0.031513,0.0017712
-0.015047,0.00019562
0.031352,0.0025849
0.014157,0.00042137
-0.0044133,0.0002402
-0.020304,0.00024483
0.02324,0.0007272
-0.017602,0.00028881
-0.0014411,0.00041836
-0.0052313,0.00043473
0.061912,0.001106
-0.044702,0.00056491
-0.023296,0.00035396
0.0043021,0.0004659
0.013841,0.00021108
0.0017282,0.0001734
0.026652,0.00017649
0.0051703,0.00029152
-0.015274,0.00043936
-0.0055682,0.00017801
0.0036486,0.0002413
0.0025082,0.00033634
-0.0035689,0.00016032
0.0055596,0.00017728
-0.0023971,0.00018717
-0.0077954,0.00018278
-0.015212,0.00017167
-0.1334,0.011227
-0.06571,0.004305
0.035847,0.0014062
0.06022,0.0021475
-0.036135,0.0012377
0.018043,0.00073867
-0.011715,0.00067265
-0.0040551,0.00066182
-0.0031161,0.00028829
-0.031428,0.00041549
0.02304,0.0020094
0.021383,0.00068527
0.032575,0.00088565
-0.012682,0.0051045
0.010366,0.0022478
-0.030162,0.00087048
0.0055863,0.00066562
0.0036971,0.00052671
-0.027243,0.0014226
0.012101,0.001137
-0.0018426,0.00053905
0.0059061,0.00028655
0.0059247,0.00032746
-0.0089701,0.0001478
0.031342,0.00029784
-0.036692,0.00042643
-0.0089232,0.00088614
0.026512,0.00049967
-0.011543,0.00047284
0.014401,0.00028
0.034919,0.0010706
-0.01107,0.00041856
0.0032891,0.00025356
0.0024684,0.00059193
-0.032615,0.00038915
0.011451,0.00033649
-0.016948,0.00019505
0.0002034,0.00040582
0.020042,0.00036477
0.040423,0.0019807
0.041235,0.00057805
0.021023,0.00044614
-0.0058647,0.00041662
-0.012881,0.00041697
0.0041206,0.00030934
0.079931,0.0010654
0.04501,0.00053435
-0.025914,0.00047969
-0.026733,0.00034315
0.019122,0.00042061
0.00069053,0.00047882
-0.0062068,0.00026068
0.0031124,0.00027908
0.039413,0.00035422
0.011872,0.00024099
0.02413,0.0004126
0.026163,0.00038314
-0.021821,0.00081784
0.0054911,0.00040221
0.04294,0.0021315
-0.0013114,0.00042798
0.0098749,0.00052983
-0.0095649,0.0004282
-0.032068,0.00083786
-0.010208,0.0029217
0.12208,0.013579
-0.029511,0.0023731
0.0029135,0.00040605
-0.0062655,0.00047629
0.04735,0.00095326
0.0022211,0.00095211
-0.00098703,0.00042396
-0.0026689,0.00088894
-0.0031991,0.00030071
0.013238,0.00045085
0.022495,0.00019289
-0.0097747,0.00057311
0.0081834,0.0010546
-0.080226,0.0016894
-0.020479,0.00059958
0.032721,0.00048443
-0.022797,0.00024259
-0.031607,0.00066375
-0.012338,0.0012425
-0.022525,0.00073618
-0.026957,0.000827
-0.044417,0.00041946
0.0021214,0.00025623
-0.0068349,0.00055742
0.033731,0.00060276
0.033768,0.00055213
0.0018427,0.0003542
0.00094866,0.00090178
0.0289,0.0021853
-0.00050442,0.00054288
0.006256,0.00087582
-0.0031047,0.00039944
-0.0094097,0.00010399
-0.0040875,0.00010461
-0.0089041,0.00037982
-0.0043572,0.00062852
-0.011281,0.00050684
0.024042,0.00074251
-0.01823,0.00047791
0.048066,0.00069586
0.027298,0.00032502
0.092009,0.0023861
0.030225,0.0013073
-0.0075774,0.00033244
0.028629,0.00040735
-0.045548,0.0020482
-0.019128,0.00043213
-0.0076429,0.000583
-0.01492,0.000879
-0.0079215,0.0057333
-0.059408,0.0010286
0.0088837,0.00072692
-0.061615,0.0011954
-0.014074,0.0011699
0.068259,0.0027574
-0.04624,0.0010078
-0.030954,0.0013012
-0.031182,0.0032529
0.0026232,0.0024152
-0.015494,0.0018459
0.0022798,0.0013494
0.016134,0.0042679
0.066381,0.0038538
-0.076799,0.0030644
-0.013143,0.0013779
0.053509,0.0012298
0.011506,0.00053277
-0.0091244,0.0012359
0.081049,0.0024946
0.01583,0.00075811
0.021679,0.00058106
-0.022495,0.00075581
0.029204,0.00084799
0.028299,0.00035686
0.0035218,0.00067162
0.0014638,7.96E-05
0.001985,0.000363
0.013006,0.00029495
-0.01797,0.00063256
-0.0081814,0.0011144
0.0061563,0.00054363
0.024041,0.0011363
0.012767,0.00033483
0.00089912,0.0002633
0.0097626,0.00015584
0.033465,0.00056361
0.10871,0.0039874
-0.022538,0.002275
-0.0038642,0.0013475
-0.01795,0.00066945
0.015013,0.00088634
0.022844,0.0012054
-0.04479,0.0010426
0.017528,0.0013435
0.064436,0.00080322
-0.0093282,0.0010034
0.031056,0.00073193
0.0057951,0.0011995
-0.026181,0.0011017
-0.0059047,0.00080683
0.052843,0.0010639
-0.0016693,0.00088802
0.036761,0.004938
0.049431,0.001115
-0.025771,0.00046386
0.016667,0.00064732
-0.036731,0.0013014
-0.026266,0.00058949
-0.023981,0.0014707
0.05632,0.00083172
-0.003861,0.0010449
0.024893,0.0010386
-0.030903,0.00051227
-0.0087201,0.00055247
0.028009,0.0003384
-0.016951,0.00027248
0.0074997,0.00038108
-0.03391,0.00045486
0.012082,0.0010402
0.01616,0.00027391
0.067464,0.0010451
0.042877,0.0009427
-0.051681,0.00076046
0.026558,0.00062513
-0.27799,0.045819
0.039705,0.00080037
0.055352,0.00065498
0.026611,0.00053236
-0.027956,0.00060924
-0.024889,0.00053895
-0.00081168,0.00068879
-0.034453,0.0019178
0.0014809,0.00032859
-0.0026874,0.00050856
-0.0021169,0.00021714
-0.026792,0.00039904
0.0010612,0.00030161
0.017737,8.77E-05
-0.0011944,0.00028038
0.0012046,0.00032325
-0.0070241,0.00025018
-0.01838,0.00041172
0.058802,0.0010053
-0.021604,0.0012594
0.017917,0.0042397
0.0012126,0.00056795
0.0033969,0.00056218
-0.015831,0.00060037
0.020381,0.00055329
-0.027183,0.00064296
-0.024039,0.0012296
0.0010118,0.00030411
0.015084,0.0002677
0.036506,0.00049819
0.012393,0.00038764
0.023847,0.00025728
-0.040141,0.00085839
-0.021103,0.00068269
-0.01685,0.00058143
-0.013102,0.00037653
0.025779,0.00056606
0.036891,0.00063464
-0.0071251,0.00047137
-0.019742,0.00025746
-0.035972,0.00040096
0.060038,0.0005154
-0.022263,0.00035906
-0.055511,0.00069727
-0.027383,0.00078329
0.021229,0.00078944
-0.026217,0.0006496
-0.072747,0.0011741
-0.0248,0.00044698
0.038158,0.0015127
0.0044334,0.00030968
0.0031319,0.000157
0.03401,0.00040749
0.0044274,0.00040336
0.010992,0.00034234
-0.029797,0.00061237
-0.021751,0.0011287
0.022247,0.00098195
-0.004697,0.0010821
0.014241,0.00036325
-0.01451,0.00071047
-0.022406,0.00035808
0.009409,0.0001987
-0.003577,0.00038198
0.024481,0.00045611
-0.042709,0.00077274
0.038748,0.0037189
0.025635,0.00042523
0.084171,0.00092372
-0.013679,0.00057325
0.0053065,0.0003729
-0.049688,0.0019852
0.019296,0.0004835
0.0013998,0.00032529
0.002107,8.70E-05
0.015609,0.0002912
0.018944,0.00037207
0.037685,0.00057232
-0.04584,0.00058331
0.009573,0.00060331
0.023131,0.00060925
-0.017098,0.00043156
-0.023668,0.00017808
-0.015084,0.00037134
0.01455,0.00048343
-0.017802,0.0003209
0.021601,0.0002745
-0.022376,0.00012603
0.0042262,0.0002626
0.019259,0.00038926
0.014258,0.00022168
-0.0095333,0.00022325
-0.00026795,0.00075426
0.0035221,0.00050353
-0.03432,0.00060071
-0.0063756,0.0010936
0.015088,0.0020356
-0.046501,0.00058027
-0.0020467,0.00029698
0.0023789,0.00121
0.019582,0.00057253
-0.044929,0.001089
0.014191,0.0013312
0.016819,0.00097356
0.069246,0.0015526
0.031476,0.0059536
-0.0095528,0.00079836
-0.0055759,0.00080878
0.0085883,0.00077772
0.035858,0.00042958
-0.0047494,0.0026688
-0.034848,0.0010455
-0.030526,0.0014091
-0.020033,0.00099431
-0.029663,0.00087261
-0.010678,0.0011275
-0.090047,0.016182
-0.17433,0.0028852
0.024345,0.0065716
0.013567,0.0022052
0.039053,0.010895
0.055373,0.0045465
-0.052858,0.0015452
-0.060736,0.0015586
0.032004,0.0031128
-0.0027737,0.0029654
0.020392,0.0053141
-0.12764,0.002827
-0.011478,0.0010268
0.0043057,0.0025353
-0.088399,0.0076958
-0.055843,0.0029241
0.13144,0.0027261
0.06647,0.0038335
0.035884,0.0041186
0.081815,0.0019505
-0.055274,0.0011357
0.028633,0.0012589
-0.042475,0.00062381
-0.068016,0.002851
0.01421,0.0016104
-0.014708,0.0020541
0.025909,0.0014698
-0.065583,0.0018557
0.15891,0.003847
-0.089984,0.0023633
-0.041299,0.0013044
0.0096717,0.0016958
-0.041249,0.0015871
-0.094371,0.0033239
0.064569,0.0032796
0.10237,0.0031778
-0.020405,0.0019903
0.054463,0.0013317
0.0023385,0.0010903
-0.035581,0.001309
0.042142,0.0020342
0.032993,0.0022048
-0.02919,0.0039143
0.083505,0.0015382
0.011695,0.0010105
0.09198,0.0049384
0.01769,0.0011579
-0.010261,0.0024699
0.011817,0.0028269
-0.00078113,0.0013559
0.0053322,0.00092312
0.0031863,0.0012937
-0.017256,0.0010601
-0.018863,0.0013028
0.0019105,0.00099405
-0.023474,0.00055209
0.010949,0.00035156
0.035143,0.00033876
-0.018349,0.0027164
0.027801,0.00052348
0.045849,0.00066602
-0.0017564,0.00078356
0.059628,0.00091296
0.036314,0.00075045
-0.0083313,0.00049368
0.014487,0.0012433
-0.026108,0.00071304
-0.035487,0.00070991
-0.0073959,0.00081226
-0.046036,0.00085914
0.066724,0.00093822
-0.01007,0.0011775
-0.049228,0.0015567
0.032574,0.00098443
0.0017792,0.0025514
-0.012263,0.00087235
-0.0074997,0.0011649
0.14602,0.012199
0.032686,0.00060027
0.020234,0.00096819
-0.022783,0.00076707
0.023599,0.00080744
-0.0021865,0.00047885
-0.00027704,0.00076347
0.017567,0.0010329
-0.01502,0.00098332
0.0018328,0.00071129
-0.020874,0.0010148
-0.0019142,0.0010387
0.048429,0.0011492
0.014664,0.00057394
-0.031125,0.00075932
-0.0071708,0.00056697
0.00098533,0.00083664
-0.0073062,0.0007289
-0.033361,0.00050941
0.011758,0.00048928
-0.0067695,0.00098379
-0.0004192,0.00087112
0.01319,0.00072343
-0.053837,0.00096703
0.061469,0.0031759
0.031854,0.0017152
0.0050258,0.0011544
0.0046724,0.0010209
0.011845,0.00081168
-0.0010182,0.0008866
-0.023402,0.00086435
0.059829,0.00084883
-0.014636,0.00034522
-0.016734,0.00050681
0.050505,0.00043301
0.021091,0.00074911
-0.0015821,0.00087937
0.0032654,0.00058616
0.041519,0.00066299
0.00029483,0.00063186
-0.043462,0.00090361
0.0018087,0.00029247
-0.047722,0.00078515
0.057158,0.001259
0.020954,0.0006011
-0.0011656,0.00069462
0.0060465,0.00067717
-0.0016243,0.00027945
0.032895,0.00048784
-0.018141,0.00040327
0.012959,0.00029031
0.058705,0.00026714
0.051343,0.0009584
-0.03333,0.00058665
-0.02564,0.00034336
0.035562,0.00034313
0.011141,0.00019254
0.016104,0.00035903
-0.061519,0.001199
-0.016644,0.0010215
-0.013274,0.00091671
-0.057854,0.0031576
0.081751,0.0013118
-0.0041059,0.0011065
-0.020565,0.00047595
0.0016565,0.00043414
-0.018299,0.00029381
0.010148,0.0004885
0.0036168,0.00024631
-0.048136,0.0012869
-0.072588,0.0015436
0.0082024,0.0012854
-0.017753,0.0019714
0.018091,0.00065388
-0.068587,0.0018526
-0.015255,0.00103
0.03784,0.0012811
0.0067288,0.00095699
0.02194,0.00056938
0.015524,0.00098878
-0.027741,0.00068765
-0.008949,0.0006703
0.032457,0.00068936
-0.028684,0.00080896
-0.010497,0.00081981
0.023591,0.00039855
0.036087,0.00065986
0.0060924,0.00065976
-0.016741,0.00057927
0.0059118,0.00035513
-0.038216,0.00063705
-0.0097437,0.00056007
0.0048837,0.00032346
-0.029667,0.00059274
-0.0029097,0.00048711
0.0023813,0.00025654
0.00711,0.00055642
-0.0084322,0.00023487
0.066976,0.0027364
0.022568,0.00047192
0.0065115,0.0006905
-0.025564,0.00072249
-0.024465,0.00060847
0.00025268,0.00029002
0.037927,0.00060567
-0.012681,0.00036071
0.01386,0.00027324
0.0044001,0.00048989
-0.017447,0.00028229
-0.017381,0.0001976
-0.0036384,0.00059557
-0.024944,0.0002056
-0.0025806,0.00059269
0.031789,0.0011898
0.0029993,0.00032669
0.052029,0.00081038
0.025495,0.00044287
0.025312,0.00040996
-0.0063248,0.00032697
0.00022658,0.00015535
0.015177,0.00044953
-0.00066964,0.00043578
0.010992,0.00052502
0.026157,0.00061005
-0.095654,0.0054921
-0.012867,0.00065361
0.015231,0.00049371
0.0082324,0.00030615
0.021666,0.0002067
0.0071947,0.00015063
0.021167,0.00025414
-0.01572,0.00034597
0.0029382,0.00023274
-0.018449,0.00021736
0.033902,0.00049249
0.017403,0.00027502
0.0065303,0.00019512
0.0038978,0.00031565
0.00043215,0.00032585
-0.039662,0.00048726
-0.031278,0.0012048
0.0099228,0.00020534
0.02986,0.00059913
0.0024485,0.00022221
0.0026643,0.00013793
-0.017446,0.00025975
0.0031539,0.00019894
-0.011082,0.0001522
-0.0048205,0.00030301
0.01049,0.00040316
-0.012745,0.00025125
-0.034012,0.00050884
-0.010002,0.00025307
-0.036314,0.00099216
0.016249,0.00026457
0.01286,0.0003239
0.041555,0.00062376
0.0050699,0.00049964
-0.018574,0.00023336
0.014429,0.00035843
0.038394,0.00047251
0.039799,0.00034222
-0.007722,0.0004162
0.020461,0.00031088
0.0022236,0.00043675
0.002126,0.00032345
-0.015324,0.00027798
-0.0056187,0.00029044
-0.007752,0.00032127
-0.0062886,0.00046039
0.0055858,0.00033915
-0.0021625,0.00072359
-0.031998,0.00048276
0.0010068,0.00040102
0.015532,0.00025683
0.016594,0.0002179
0.0015147,0.00016046
-0.0045509,0.00020237
0.018335,0.00040852
-0.018353,0.00040332
0.0097443,0.00011999
0.032573,0.00014265
0.047189,0.00071124
-0.027382,0.00075368
0.016399,0.00031047
-0.016951,0.00057086
-0.022993,0.00032196
0.035636,0.00028215
0.10162,0.0074398
0.0050881,0.00095837
-0.017001,0.00028384
-0.01299,0.00053614
0.032705,0.00036837
-0.034388,0.0006244
0.0053283,0.00060269
0.00026877,0.00060501
0.0072717,0.0004593
0.040676,0.00062992
-0.0092643,0.0011206
0.023526,0.0002563
0.020762,0.00051669
0.017652,0.00028399
-0.021254,0.00017283
0.01957,0.00026037
0.0006792,0.00023423
0.024017,0.00031165
0.005084,0.00023655
-0.013525,0.00036604
-0.005174,0.00044784
0.0065376,0.0001974
-0.012583,0.0012924
-0.0073144,0.00010084
-0.023153,0.0033887
0.014519,0.00020487
-0.0075591,0.0004206
0.013641,0.00034423
-0.017095,0.0002104
-0.032558,0.00055237
-0.0045311,0.00019596
-0.0013313,0.00030572
0.0016688,0.0002677
0.013341,0.00021956
-0.018342,0.00022036
0.013037,0.00020399
0.0090003,0.00020808
-0.034508,0.00032822
-0.023167,0.00049
-0.011033,0.00013171
0.014447,0.00014586
-0.007821,0.00032438
0.060714,0.00046819
0.00058008,0.00013667
0.0081403,0.00018189
-0.0056672,0.00011031
-0.023876,0.00017619
-0.0098787,0.00019148
-0.030199,0.00038085
-0.038275,0.0010449
0.035022,0.00078653
-0.018353,0.00067811
0.017791,0.00035228
-0.0022726,0.00013225
-0.015344,0.00012734
0.026804,0.00058561
-0.051607,0.00060429
-0.0022991,0.00019919
0.0050901,0.00014634
-2,0.00054153
-0.00036322,0.00040496
-0.0047904,0.00042096
-0.036284,0.0005268
0.014647,0.00022329
0.020591,0.00047874
0.21256,0.037535
-0.010709,0.00092891
-0.021906,0.00066224
0.015054,0.00023135
0.0025298,0.00039373
-0.027081,0.00052951
0.0097288,0.00074051
0.00018932,0.00040532
0.017909,0.00032418
-0.0091043,0.00016615
0.030472,0.00040052
-0.0036845,0.00027343
0.026684,0.0002866
-0.0053154,0.0001622
0.024764,0.00019805
0.0079902,0.00018806
-0.022547,0.00070229
-0.013936,0.00016811
0.0055711,0.00019557
0.01387,0.00058042
0.007812,9.65E-05
0.053576,0.00023294
-0.011993,0.00016668
-0.018585,0.0019696
0.0060176,0.0001248
-0.0053328,0.00031953
0.015212,9.15E-05
0.018244,0.00039626
0.018774,0.00027709
-0.0010213,0.00023816
-0.017245,0.00039075
-0.0054449,0.00013348
0.015092,0.00014893
0.0047737,0.00031976
-0.0059976,6.52E-05
-0.00045245,5.96E-05
0.031136,0.00031068
0.0029831,0.0002152
-0.0076138,7.32E-05
0.016431,0.00035329
0.0090926,0.00012819
-0.0043535,0.00021048
0.015208,0.0002885
-0.018454,0.00015978
0.01723,0.00015952
0.063785,0.00050955
0.041231,0.00054609
-0.045538,0.00073383
0.027019,0.00033969
0.0062425,0.00029838
0.010372,0.00020597
0.039086,0.00034307
0.011536,0.00048232
-0.008382,0.00028041
-0.018089,0.00058214
-0.0054787,0.00042741
0.026954,0.00029969
0.0017023,0.00048488
0.13869,0.006901
-0.0046108,0.00077649
0.081848,0.0017517
-0.057236,0.0014628
-0.027517,0.00068574
0.036501,0.00083946
-0.040714,0.00063769
0.028711,0.00067802
-0.024594,0.0013558
-0.0084207,0.0013414
-0.011895,0.0042243
-0.062452,0.0025177
0.062834,0.002515
0.024383,0.00087614
0.076376,0.0015839
0.018966,0.0033681
-0.087996,0.00361
0.056599,0.0016673
-0.043315,0.0013681
-0.013895,0.0021843
-0.059089,0.0024719
0.049499,0.0029003
0.018516,0.0014415
0.033254,0.002611
6,0.0013735
0.037313,0.001006
0.022594,0.00075146
-0.036817,0.0010014
0.032937,0.0010386
0.0081033,0.00096702
-0.019951,0.0015807
-0.0032377,0.0014344
0.0086804,0.0014294
0.043656,0.0017832
0.031477,0.0016975
0.015655,0.00087209
0.049035,0.0011043
-0.026301,0.00074206
0.0087307,0.0010726
0.0099225,0.00055276
0.0037138,0.00019725
-0.061056,0.00074181
-0.019507,0.0011082
0.0096225,0.00059521
-0.020684,0.00039382
0.025685,0.0006973
-0.0051929,0.00040799
-0.042513,0.0010691
-0.035775,0.002111
0.0094128,0.0013771
-0.023713,0.00050941
0.00077102,0.0016264
0.096526,0.00066576
-0.0098828,0.0012007
0.0042816,0.00048246
0.014459,0.00054132
0.015178,0.00078386
0.01512,0.00065381
-0.014717,0.00059389
-0.022125,0.00027054
0.0044512,0.00068137
0.011697,0.00077319
-0.0068331,0.0010317
-0.14348,0.0063575
0.038516,0.00078418
-0.046845,0.00087106
0.013052,0.00088363
-0.03612,0.00061173
-0.022138,0.00081398
0.043632,0.00059187
-0.0063242,0.00071546
0.024956,0.00053927
0.034266,0.00054869
0.021993,0.00052538
0.068451,0.0012158
-0.01214,0.00050871
0.067064,0.0021833
0.011352,0.0014089
0.052386,0.00089311
-0.0073518,0.00041709
0.037047,0.00044905
-0.032498,0.0010042
-0.055865,0.0014809
0.020954,0.00085757
0.012806,0.00025608
-0.024668,0.0006265
-0.044102,0.00073855
0.023267,0.00050173
0.016077,0.00057047
-0.00047404,0.00048187
-0.0228,0.00036558
0.017304,0.00041229
0.073063,0.0026295
0.022128,0.00041039
0.0052499,0.00067335
0.022543,0.00030839
0.028402,0.00050423
-0.0014423,0.00060567
0.00145,0.00025434
0.013214,0.00058995
-0.0078089,0.00015258
-0.023732,0.00019902
-0.020539,0.00020817
5,0.00021761
0.01826,0.00045074
0.027843,0.00040561
0.064264,0.0010034
0.023663,0.00091499
0.0096883,0.0011414
0.016946,0.00045873
-0.018288,0.0005745
0.050543,0.00042448
-0.04733,0.00083155
-0.048186,0.00074194
0.0088781,0.00086646
-0.0010638,0.00085574
-0.038304,0.00065603
0.0089195,0.00052597
-0.011325,0.00030827
0.025018,0.00066472
0.011403,0.00026228
-0.0048013,0.00052378
-0.011041,0.00035015
0.017894,0.00029075
-0.01822,0.00016562
-0.024578,0.00070699
0.025562,0.00061505
0.12133,0.01057
-0.028113,0.0014222
-0.0063159,0.00028901
0.062696,0.0006916
0.0040228,0.00098938
-0.014654,0.00028165
-0.01494,0.00057319
-0.032647,0.00047961
0.020998,0.00039389
0.00091152,0.00047345
-0.020546,0.00053089
0.0012698,0.00035978
0.00582,0.0004686
0.0078043,0.00064943
0.038026,0.00031706
-0.010358,0.00050883
-0.010275,0.00032316
-0.031459,0.00043115
-0.016613,0.00050146
0.0084455,0.00040463
0.010374,0.00043779
0.026626,0.00024651
0.086672,0.0035302
-0.0044094,0.00044391
0.0051954,0.00047663
0.014052,0.00011746
0.040303,0.00045612
0.03329,0.00061987
-0.028638,0.00063757
-0.033808,0.0014492
-0.042918,0.00028735
0.042178,0.00062988
-0.019615,0.00094832
-0.0073064,0.001371
0.014656,0.0004563
0.019074,0.0010999
-0.058835,0.0005923
-0.029303,0.00088813
0.0021759,0.00054654
0.01708,0.00019647
0.004481,0.00027248
-0.025095,0.00038058
0.04506,0.00034047
-0.0047324,0.00034884
-0.0054155,0.0001117
-0.024359,0.00065523
0.019004,0.00018345
-0.016746,0.00012804
-0.0030329,7.50E-05
-0.022278,0.00010282
0.014259,0.00048847
0.016391,0.0010298
-0.0076898,0.00021665
-0.010753,0.00061957
0.00679,0.00018139
0.045492,0.00041183
-0.0044269,0.00051105
0.010719,0.00015705
0.013667,0.00025106
-5,0.00020433
0.012779,0.00019129
-0.014296,0.00024822
-0.032316,0.0011006
-0.01525,0.00013827
0.010039,0.00081502
0.013569,0.00028489
-0.021702,0.00042152
0.14416,0.018922
0.032954,0.00039927
-0.01582,0.0008768
-0.0074084,0.00018995
-0.0051481,0.00062989
-0.0012721,0.00015132
0.039949,0.00023034
-0.0092713,0.00016115
-0.0023169,6.39E-05
0.021733,0.00018797
0.0024559,0.00019175
0.034797,0.00030557
0.068423,0.00092775
-0.026644,0.00049364
-0.012224,0.00038642
-0.0092353,0.00051206
-0.00074921,0.00023972
-0.059356,0.0021987
-0.047166,0.0016367
0.017199,0.00054209
-0.012795,0.00028173
-0.029751,0.00042046
-0.0049739,0.00044873
-0.0053832,0.0005498
-0.0046105,0.00041647
0.035465,0.0004892
-0.014523,0.00065821
-0.061594,0.0018118
-0.010829,0.00043672
0.035086,0.0010877
0.020951,0.00043128
-0.013497,0.00034278
0.076571,0.00086559
-0.016449,0.00099526
-0.00010363,0.00064911
-0.020937,0.00026238
0.016259,0.00038813
0.03984,0.0014732
0.032975,0.000321
0.00049834,0.0005331
0.0034767,0.00023272
0.032348,0.00053881
-0.000331,0.00021607
0.0028691,0.00024765
-0.0026435,0.00013749
0.019536,0.00041291
0.0105,0.00032304
-0.0016268,0.00021219
-0.018513,0.00060531
-0.024161,0.00064895
0.0037748,0.00030107
-0.029147,0.0003538
0.024074,0.00049505
0.020797,0.00018685
-0.0047826,0.0002504
-0.0089206,0.00017103
-0.0090009,0.00055302
0.034993,0.00029132
0.011604,0.00026787
0.030341,0.0002165
-0.0014982,0.00028246
-0.095966,0.0044557
0.032117,0.00067778
-0.0061998,0.00034662
-0.005689,0.00018009
0.017447,0.00071736
-0.025687,0.00027761
-0.008381,0.00047863
0.0046328,0.00045789
-0.0044068,0.00022223
0.029791,0.00041848
0.0046167,0.00011994
0.013931,0.00028063
0.020421,0.00016665
0.003475,0.00023921
-0.039758,0.0004334
5,0.00036488
0.022789,0.00017891
0.0011128,0.00016948
0.012418,0.00010182
0.0084688,0.0003078
-0.0012729,0.00023119
0.046628,0.00029348
0.016541,0.00018108
0.002053,0.00010521
0.023244,0.0001787
-0.012353,0.00026415
0.016764,0.00030002
0.0074397,0.00017226
-0.041531,0.00052499
0.004177,0.00030077
-0.00498,0.00031615
0.0020175,0.00031473
-0.016387,0.00026862
-0.0051485,0.00025233
0.015449,0.00023693
-0.015772,0.00017
-0.031982,0.00032493
-0.013502,0.00034883
-0.0011204,0.00043728
0.033782,0.00040258
-0.021151,0.00024809
0.029935,0.00086227
-0.0012092,0.00026352
0.01674,0.00028271
0.018497,0.00013601
-0.00022139,0.00022907
-0.0082523,0.00014509
0.019615,0.00022936
0.077293,0.002106
0.0055455,0.00047115
0.0048773,0.00035328
0.0090508,0.00025274
-0.016081,0.00050162
0.0022352,0.0006226
0.025885,0.0017949
-0.041196,0.00030169
0.00070623,0.00034786
-0.027216,0.00071624
0.028017,0.00078337
-0.020059,0.00048884
-0.020443,0.00038128
0.0028232,0.00033855
0.01928,0.00044722
-0.054474,0.0089946
0.0093046,0.00039818
-0.011277,0.00055714
-0.0021892,0.00056032
-0.0094286,0.00043481
-0.023111,0.00029743
0.011228,0.00071094
-0.056549,0.0007118
-0.018252,0.0017155
-0.062447,0.0039596
0.045661,0.0016296
-0.021216,0.0011311
0.044727,0.00059137
0.0042857,0.00045594
0.0075401,0.0004661
-0.029019,0.00042799
-0.02874,0.00045101
-0.06453,0.0025865
-0.057935,0.0010155
-0.0027177,0.0016992
0.068206,0.00077113
-0.016873,0.00060242
0.001044,0.0010781
0.026052,0.00059489
0.014984,0.00051319
0.050734,0.00060505
-0.0086074,0.00064051
-0.0058848,0.00043194
-0.089725,0.012241
0.0245,0.00059227
-0.011465,0.00049011
-0.022531,0.00037844
-0.033383,0.00041631
0.026805,0.00090381
-0.0048856,0.00039484
0.00042516,0.00024632
-0.20985,0.028052
-0.086898,0.0014082
-0.078237,0.002375
-0.099249,0.0034416
-0.0093386,0.0030938
0.00095562,0.0025313
0.0044688,0.001006
0.02157,0.0043042
-0.04,0.00053909
-4,0.00088067
-0.11556,0.0029798
0.001974,0.0026738
0.0010079,0.0019942
0.0089512,0.0014072
0.04391,0.0013069
0.028467,0.00085042
-0.05013,0.00074145
-0.05004,0.0081044
-0.0273,0.0029754
0.047337,0.0013732
0.029271,0.0014818
-0.010568,0.0017483
0.010904,0.00055564
-0.04666,0.00083674
-0.024122,0.0019461
0.02178,0.0003313
0.047648,0.00077097
0.016392,0.001136
-0.42727,0.20523
0.024102,0.0015866
0.015836,0.0012375
0.041332,0.0009004
-0.022932,0.00061397
-0.026723,0.0016091
0.041294,0.00052089
0.099878,0.0012516
-0.023821,0.0009408
0.0097135,0.00084642
-0.0051193,0.00038368
-0.025154,0.00040985
-0.034759,0.00067747
0.028484,0.00048941
-0.022062,0.00020389
0.0071293,0.0002936
-0.062708,0.00037649
-0.061334,0.00080214
0.022032,0.0005521
-0.04471,0.00068911
-0.056548,0.0065021
-0.025435,0.00072349
-0.074307,0.00091288
0.090542,0.0037571
-0.032809,0.00095598
-0.047832,0.0018135
0.042149,0.00090285
-0.010777,0.0011424
0.052991,0.0010933
-0.02889,0.00076566
0.057777,0.00077951
-0.038038,0.00096891
0.021803,0.00036784
0.059447,0.0024888
-0.043701,0.001035
-0.01403,0.0015837
-0.019514,0.00044176
0.0025489,0.00040883
-0.040906,0.00054291
0.06147,0.00088245
-0.0058015,0.00039727
0.040336,0.00042875
-0.017028,0.00030231
-0.027274,0.00033428
-0.022201,0.00033409
0.0028149,0.0003145
0.0018114,0.00016808
0.040726,0.00089856
0.10929,0.0011416
-0.016395,0.0012155
0.084154,0.0010947
0.13064,0.0039873
-0.025647,0.0013898
-0.03935,0.00094693
-0.0014846,0.0010168
0.025622,0.0011753
0.0035261,0.0010219
0.039148,0.00090986
0.049488,0.0010338
-0.032518,0.00068067
-0.06573,0.0006891
-0.013097,0.00093456
0.027191,0.00080009
0.19789,0.03191
0.06352,0.0007361
0.015183,0.0011931
-0.043613,0.00097316
0.023618,0.00050319
0.0076165,0.00039683
0.018904,0.00029376
0.022428,0.0018414
-0.01052,0.00072824
-0.030527,0.00081211
0.007489,0.00052599
-0.010479,0.000239
-0.043493,0.00043543
0.038259,0.00057815
-0.0077355,0.00059519
-0.00012217,0.00044742
-0.0020062,0.00023968
-0.038239,0.001891
-0.041878,0.0016727
0.0047341,0.00035027
-0.011089,0.00027284
-0.020098,0.0017608
0.035069,0.000675
-0.023407,0.00028985
0.018066,0.00044481
0.020219,0.00072975
-0.037013,0.00041411
-0.033554,0.00071144
-0.01927,0.001834
0.028101,0.00064378
0.0078339,0.00067406
-0.02739,0.00063055
0.0020332,0.0008607
-0.010114,0.00050888
0.046364,0.0005158
-0.0021899,0.00047197
0.038268,0.0005497
0.0068513,0.00049069
0.043969,0.00063253
-0.012802,0.00060437
0.013977,0.00061101
0.013281,0.00038965
-0.010771,0.00033406
-0.015774,0.00021933
-0.03099,0.00042384
-0.001469,0.00069502
-0.009292,0.00022687
-0.0084062,0.0012367
-0.023566,0.0002312
-0.00094108,0.00015192
-0.03213,0.00054926
-0.04603,0.00036505
-0.021116,0.00071776
0.043606,0.00066974
0.00034518,0.00048132
-0.031095,0.00042361
0.057284,0.00055858
-0.0009722,0.00035345
0.001621,0.00095184
-0.0096768,0.00023427
-0.039079,0.00051396
-0.15274,0.025811
-0.014806,0.00093124
-0.015367,0.0010185
-0.015486,0.00048722
-0.042472,0.00068661
0.014443,0.00038721
0.011086,0.00058029
-0.079548,0.00080321
-0.037307,0.00077197
0.0036429,0.00072509
-0.0088935,0.00068044
0.02131,0.00073054
-0.027878,0.00024734
0.068493,0.00098724
-0.0056819,0.000557
0.0064804,0.00032775
-0.044673,0.00081859
-0.027666,0.00056186
-0.029878,0.00083644
0.024534,0.00084279
-0.059799,0.00061703
0.062448,0.00068677
-0.025231,0.00059405
0.00094004,0.00059805
-0.0098588,0.00045451
-0.031331,0.00067652
-0.059782,0.0013406
-0.0066103,0.0013351
0.030586,0.0013231
-0.0015374,0.00056852
0.014298,0.00092992
-0.018109,0.00050435
0.015137,0.00062925
-0.040768,0.00051254
0.00018946,0.00052806
-0.003689,0.00054093
-0.0019438,0.00033635
0.048304,0.00031325
0.014405,0.0006292
0.04598,0.00030987
-0.024817,0.00057468
-0.034156,0.00027667
0.029763,0.00041175
-0.01191,0.00054319
-0.0033099,0.00029367
-0.004857,0.00034083
0.013569,0.00052345
0.014168,0.00038887
-0.0074057,0.00017395
0.062472,0.00065158
0.12372,0.0024883
0.0014103,0.0023164
0.013853,0.00067071
-0.034138,0.00038726
0.017768,0.0010485
0.040891,0.00047023
-0.0021171,0.00058816
-0.023061,0.00028652
-0.014683,0.00035815
-0.0060367,0.00025071
0.023075,0.00036771
-0.016078,0.00037814
-0.022171,0.00058785
0.0066614,0.0011181
-0.29292,0.045569
-0.053226,0.0013776
0.032785,0.00047983
-0.021172,0.00065869
-0.012775,0.0004448
-0.04349,0.00058811
-0.012134,0.00098536
0.00085938,0.00099395
0.052104,0.0009332
0.019985,0.00053552
-0.0024613,0.00051099
0.001492,0.00020982
0.035143,0.00046367
-0.0021666,0.0004998
0.032108,0.00071813
0.023756,0.00027325
0.015837,0.00024689
-0.0097485,0.00029418
0.008818,0.00039629
0.020605,0.00068964
-0.0021609,0.00037348
-0.021382,0.0003128
-0.013454,0.00061043
-0.013117,0.00030561
0.010537,0.00022255
0.0072621,0.00016734
-0.048524,0.00021355
-0.0096372,0.0006718
-0.069438,0.0048826
-0.01501,0.00037672
0.028303,0.00056879
-0.00046825,0.00045246
-0.012138,0.00019858
0.022847,0.00031069
4,0.00057583
0.013581,0.00043589
0.042122,0.00086694
-0.058858,0.0017371
-0.017333,0.00028858
0.017933,0.00048354
0.028611,0.00043842
-0.01627,0.00035191
-0.023862,0.00081588
-0.046969,0.00045153
0.024515,0.00068931
0.0073393,0.00036901
-0.020261,0.00041094
0.029025,0.00042941
0.0080427,0.00040326
0.10136,0.0020928
0.065148,0.0010451
-0.0020507,0.00091601
0.099723,0.0048356
-0.11578,0.0052888
-0.00019588,0.00051681
0.0065382,0.00050192
-0.023735,0.00032729
0.0061279,0.00036829
0.019595,0.00069129
0.037134,0.0002658
-0.01659,0.00074165
-0.03666,0.00029841
0.043298,0.0012124
0.0051754,0.00054652
-0.1263,0.02112
0.022719,0.00050885
0.12383,0.0017863
0.12629,0.014237
-0.015391,0.0012948
-0.011534,0.00092186
0.017497,0.0010861
-0.024121,0.0011771
0.017345,0.00074139
-0.022328,0.00066017
0.025926,0.00068139
0.002187,0.00097624
0.018897,0.00086064
0.00082402,0.00042564
0.021609,0.00033237
-0.0067382,0.0005444
0.0056484,0.00054155
0.012111,0.00022169
0.0073538,0.00027465
-0.00060726,0.00022171
-0.010545,0.00065328
0.013132,0.00030265
-0.010859,0.00025894
-0.010586,0.00015524
0.0023976,0.00034085
-0.074855,0.00044274
0.13717,0.0027816
-0.040408,0.0024406
0.033555,0.0016618
-0.0012048,0.0010571
-0.016858,0.00023215
0.01565,0.0005633
0.053451,0.0009712
0.019771,0.000562
0.0082731,0.00040867
0.013434,0.0004131
0.011284,0.00047276
-0.017292,0.00042814
-0.0052763,0.0002624
-0.024625,0.00032915
-0.011276,0.00011988
0.0048641,0.0003581
-0.00058923,0.00032458
-0.013565,0.00027258
0.035612,0.00035642
-0.0083788,0.0011226
0.04927,0.00059469
-0.0056821,0.0002635
0.033341,0.0011442
-0.020169,0.00063058
-0.01461,0.00036726
0.022531,0.00076278
0.031489,0.00055308
0.022539,0.00062102
-0.017771,0.00026475
-0.04126,0.00061459
0.0021476,0.00046592
0.015268,0.0013062
-0.015095,0.00023393
0.05555,0.00029304
0.35354,0.10469
0.14164,0.0030184
-0.044707,0.0021602
0.042402,0.001258
-0.0087287,0.0017746
-0.014614,0.00069443
-0.0025742,0.0016263
0.05896,0.00076245
-0.0023645,0.00089507
0.055959,0.00075324
-0.013503,0.00071307
-0.0057412,0.00034755
-0.017222,0.00041871
5,0.00099839
0.046099,0.00061595
0.0065136,0.00029106
0.01158,0.00021016
0.035937,0.00027424
-0.049512,0.00036214
-0.00053871,0.0007735
-0.039846,0.0010171
-0.0012287,0.0010438
0.025771,0.0010101
0.0014228,0.00069794
0.020259,0.00047994
0.0058951,0.00033087
-0.043586,0.00068094
0.0027423,0.0008442
0.0061358,0.00040844
-0.0072456,0.00070066
0.01752,0.00018776
-0.024026,0.00036049
0.0095496,0.00031399
0.055266,0.0017032
-0.021797,0.00039578
-0.017965,0.00019787
0.0034744,0.00056069
-0.022841,0.00028448
0.0090034,0.00018692
-0.0046238,0.00026815
-0.0062955,0.00013032
-0.0013034,0.0003598
0.052225,0.00093019
-0.0018281,0.00048786
-0.004372,0.00020258
-0.038194,0.00035944
-0.032327,0.00050167
-0.038749,0.002261
-0.019006,0.001231
-0.011044,0.0006975
-0.0091223,0.00031666
0.037505,0.0005588
-0.021322,0.00057144
0.041807,0.0011087
0.0016778,0.00078
0.021003,0.0010509
-0.0059262,0.0004357
-0.036498,0.00049926
-0.033699,0.00048496
-0.0037875,0.00035087
0.065616,0.00128
0.21881,0.047583
-0.0019483,0.00086748
-0.014346,0.00027491
0.011047,0.00026592
-0.0044902,0.00026255
0.0062917,0.00030017
-0.015896,0.00015045
0.0070718,0.00026905
-0.0047968,0.00028971
-0.014184,0.00081408
-0.020454,0.00025747
0.011585,0.0002777
0.036288,0.00064927
0.0066132,0.00043313
0.052738,0.00086997
0.019516,0.00076893
0.039513,0.0011103
-0.026544,0.00074202
0.009676,0.00040113
0.00051339,0.000133
-0.010476,0.00016357
-0.035638,0.00047159
-0.011526,0.00078669
0.011321,0.00022145
-0.063931,0.0014321
0.0033865,0.00092542
0.034003,0.00032016
0.017006,0.00055607
-0.020409,0.00036206
0.015687,0.00051157
-0.010885,0.00034385
-0.024651,0.0004392
0.012213,0.00034476
0.0032406,0.0003672
-0.028895,0.00043194
-0.033047,0.00032315
0.036286,0.00046706
-0.006138,0.00017343
0.068409,0.0031885
-0.0021042,0.00020224
0.014869,0.00042908
-0.03638,0.00035633
-0.031135,0.00053464
-0.0052037,0.0010117
-0.013393,0.00079507
-0.0038471,0.00045032
0.013844,0.00048282
-0.016304,0.00027847
0.05723,0.00042242
-0.011967,0.00048685
-0.0027057,0.00017524
0.0191,0.00021499
0.034867,0.00039602
0.058399,0.00074662
-0.014501,0.00038018
0.0034933,0.0007377
0.050969,0.00046838
0.0027722,0.00030556
0.009975,0.00060547
0.02812,0.0002881
-0.0046106,0.00022757
-0.0073053,0.00030292
-0.010113,0.00048214
-0.046244,0.0022549
-0.036085,0.00054213
0.021188,0.00033355
-0.0011023,0.00031644
-0.0059576,0.00032141
-0.0043252,0.00031091
0.002259,0.00026542
0.019376,0.00044841
-0.011855,0.00011132
0.029561,0.00034142
0.0096256,0.00038947
-0.026676,0.00032298
0.0052802,0.00030466
0.0074567,0.00018853
0.016958,0.00020465
0.0097616,0.00020052
0.0090835,0.00019883
-0.032001,0.00039314
0.021012,0.00020218
0.0043231,0.00019554
0.050372,0.00047256
-0.010441,0.00031794
-0.002648,0.0002202
0.030661,0.00023313
0.016873,0.00044716
-0.023589,0.00078817
0.025468,0.00036687
0.015766,0.0001707
-0.014932,0.00019931
0.018758,0.00041971
0.010988,0.00013903
0.0093689,0.00048983
-0.011375,0.00018594
0.0085124,0.00014632
0.06181,0.00049772
-0.016204,0.0005211
-0.021368,0.00062791
0.013608,0.00020356
-0.010661,0.00027269
-0.0090697,0.00025337
0.02434,0.00025012
-0.0050674,0.00011647
0.027198,0.00035758
-0.037262,0.00080982
0.013009,0.00025628
0.0033128,0.00033747
0.019745,0.00014721
-0.002796,0.00012908
-0.010686,0.00058463
0.047922,0.00086297
0.019631,0.00037533
-0.027073,0.00034615
0.016356,0.00020459
-0.026858,0.00024691
-0.052313,0.00063685
-0.047059,0.0011759
0.052676,0.0020969
-0.010715,0.00019579
0.075182,0.0011784
-0.0074053,0.00039065
0.0023408,0.00018768
0.022789,0.00021721
0.009031,0.0002805
0.06191,0.0017127
-0.090191,0.011148
0.01957,0.0010571
0.0032451,0.00060974
-0.0094271,0.00047257
-0.044275,0.00060157
0.040793,0.00070031
-0.027466,0.0002751
0.013978,0.0003131
0.020842,0.00076336
0.024624,0.0001656
0.012407,0.00034331
-0.018928,0.00037837
-0.026124,0.00061508
0.022855,0.00026854
0.010678,0.00037753
-0.012472,0.00017961
0.0044081,0.00017385
0.022371,0.00027518
0.020294,0.0001326
-0.024126,0.00028309
-0.013495,0.00029066
0.0064084,0.00041154
0.027322,0.00023219
-0.0018376,0.00017802
0.006703,0.00025746
0.013893,0.00012209
0.020732,0.00022618
0.01015,0.00013536
-0.0062928,0.00014202
-0.0029497,0.0001653
-0.017097,0.00032682
0.0033624,0.00038647
-0.010086,0.00018828
0.0034673,0.00018288
0.021258,0.00015908
0.0023413,0.00027877
0.024803,0.00018161
-0.010889,0.00019533
-0.0076265,0.00017277
0.023659,0.00015686
0.0024642,0.00029851
0.0023469,0.00017486
-0.0031566,0.00011355
0.012035,0.00010958
-0.0045083,0.00011915
-0.0044264,0.00010436
-0.025216,0.0001452
-0.0010647,0.00023407
0.0022205,0.00017206
-0.0141,0.00012857
0.0012561,0.00013163
-0.0094456,0.0003208
-0.057082,0.0016643
0.0040816,0.00040621
-0.012746,0.0001798
-0.014481,0.00010152
0.014487,0.00045577
0.0033589,0.00046838
-0.022609,0.00058193
0.0032978,0.00052132
-0.0042267,0.00018263
-0.007845,0.00044343
0.018408,0.00026694
0.15158,0.018369
-0.0047692,0.00032321
-0.012964,0.00075435
0.064345,0.00034574
-0.015482,0.00036092
0.010394,0.00037265
0.011045,0.00012251
-0.012339,0.00029259
0.0043407,0.00035421
-0.0028243,0.00023626
0.0076339,0.0001756
0.052532,0.00035298
0.0011489,0.00016085
0.0082655,0.00012966
-0.011699,0.00016675
0.016622,0.0001603
-0.0017473,8.34E-05
0.003126,0.00022017
-0.019715,0.00031237
0.016477,0.00015557
-0.0068588,0.00010432
0.033534,0.00033557
0.012326,0.00024269
-0.0086737,0.00019978
0.0068498,0.00010619
-0.014728,0.00011958
-0.00027804,0.00027324
0.020675,0.00017537
-0.002008,8.26E-05
-0.0067634,0.00012001
-0.0050975,0.00015013
-0.018112,0.00022517
-0.006404,0.00022479
-0.0024872,0.00022666
-0.014408,0.0002911
-0.013275,0.00023748
-0.0039082,0.00016773
-0.0059548,0.00015269
0.00023918,0.00017046
0.0092004,0.00027688
-0.042751,0.00022291
-0.069642,0.0011892
-0.021238,0.00079129
0.0045475,0.0005132
-0.021608,0.00093437
-0.016277,0.00056928
-0.020759,0.00043407
0.036751,0.00036128
-0.0042024,0.00057271
-0.024083,0.00040357
-0.048414,0.00059211
0.00010997,0.0012411
0.0318,0.0008022
0.013384,0.00033978
-0.053071,0.00050066
-0.025061,0.0011602
0.013536,0.00056128
-0.015073,0.00080873
0.015866,0.00084011
0.04215,0.00063015
0.0071335,0.00039952
0.068481,0.0071887
-0.053157,0.00080438
-0.028067,0.00086131
-0.064382,0.00085388
-0.026273,0.0016543
0.018422,0.0004978
0.0065515,0.00046124
0.043393,0.0007738
0.012877,0.0005261
0.011409,0.00029648
-0.054882,0.00034399
-0.017743,0.00087312
0.0042309,0.00072167
0.021763,0.0004356
0.048607,0.00033142
0.00518,0.00038549
0.013603,0.00036866
-0.022363,0.00044614
0.016586,0.000266
0.042593,0.00028175
0.017876,0.00042906
0.049216,0.00036211
0.0040959,0.00044203
0.024622,0.00010716
-0.0074562,0.00019191
0.0067389,0.00022113
0.033228,0.00025662
0.0064892,0.00031132
0.010284,0.00034096
-0.0094361,0.00018719
0.012014,0.00021392
0.012805,0.00024633
0.0032992,0.00019452
-0.01609,0.00011753
0.012319,0.00028353
0.0038507,0.00021603
-0.017295,0.0002048
0.011674,0.00019646
0.006466,0.00017917
0.030779,0.00074297
0.011488,0.00015922
-0.017232,0.00014586
-0.0023384,0.00012809
-0.00089294,0.00016014
-0.0080146,0.00019585
0.018472,0.00018334
-0.012311,0.00016697
0.0058668,8.70E-05
-0.0019641,0.00013189
0.070722,0.0016719
-0.01403,0.00013849
0.012,0.00013205
-0.024293,0.00014524
-0.034147,0.00029949
-0.0054662,0.00024459
-0.010082,0.00085833
0.003585,0.00021473
0.028089,0.00024321
-0.0071419,0.00022597
-0.010753,0.00017361
-0.011235,0.00023865
0.010241,0.00012006
0.017658,0.00080572
-0.045436,0.0013573
-0.0095567,0.00014501
-0.0051486,0.00023885
-0.0091858,7.22E-05
0.0069166,0.00013725
-0.0008022,0.00011052
0.023681,0.000133
-0.026934,0.00021736
0.0062601,0.00028666
-0.0059518,0.00018047
-0.00021126,0.00019448
0.017652,0.00019483
0.043474,0.0003581
-0.0082134,0.00016876
0.012885,0.00020625
-0.011577,0.00011691
0.011281,9.58E-05
-0.0010431,0.00011786
0.01745,0.00018273
0.015347,0.00017902
0.0043295,7.93E-05
0.0087984,0.00012787
-0.00043636,0.00010819
0.014601,7.66E-05
0.0044431,0.00015134
-0.0037016,0.00012346
-0.0096411,4.97E-05
0.00067274,7.86E-05
0.0052165,7.06E-05
-0.0018493,5.33E-05
0.00082585,0.00029005
-0.0096192,9.20E-05
0.0062899,8.46E-05
0.0080406,9.40E-05
-0.00086526,0.00028935
0.010583,0.00014229
-0.0050414,6.23E-05
-0.010179,8.16E-05
-0.040246,0.00024432
-0.0019735,0.00072499
-0.0049788,0.00014317
0.0094308,0.00017052
-0.0025937,0.00011445
-0.033508,0.00025291
0.0025496,0.00023392
0.015529,0.00011549
-0.015308,0.00014777
0.010644,9.25E-05
0.0018516,0.00029737
0.0046402,0.00025115
-0.028174,0.00021311
0.024672,0.00021237
0.020835,0.00012553
0.008641,0.00011794
-0.015756,0.00018741
0.023331,0.000171
-0.011717,0.00012799
-0.0202,0.0002388
-0.031356,0.00049212
0.024543,0.00073834
-0.0023355,0.0013505
-0.21584,0.074557
-0.010137,0.0013368
0.0045198,0.00042239
0.018446,0.00025237
0.023414,0.00044245
0.02243,0.00047795
0.0054908,0.00018962
-0.014929,0.00025777
0.017151,8.50E-05
-0.020239,0.00016055
0.0018853,0.00028071
0.035839,0.00044544
-0.011367,0.00019085
-0.014208,0.00018491
-0.0066516,0.00020828
0.0073786,0.00017279
0.0026394,0.00010395
0.0078899,0.00021405
-0.012277,0.00023828
0.0031555,0.0002062
-0.01131,0.0001469
0.017217,8.11E-05
-0.012475,0.00014252
-0.00095565,8.11E-05
-0.04748,0.00042491
0.013004,0.0002994
-0.022124,0.00024689
-0.010155,0.00023459
-0.019609,0.00061219
0.0059591,9.93E-05
-0.014926,0.00010506
-0.012556,0.00023726
0.029897,0.00015589
0.0061713,0.000201
-0.011186,0.00021198
-0.011186,0.00012413
-0.032105,0.00025791
0.012514,0.00044909
-0.027254,0.00036288
0.00015382,0.00022301
0.0004777,0.00041368
-0.021274,0.00045397
-0.03434,0.00044122
0.052211,0.00058126
0.0010961,0.000585
0.019597,0.00014765
-0.012628,0.00010963
0.00098095,0.00018145
0.01616,0.00012058
-0.0057747,0.00013616
0.0052726,0.00037751
0.0043881,0.00012488
-0.0040639,8.07E-05
